{
  "name": "new",
  "sensor": [1, 1],
  "size": [1280, 1024],
  "animated": 0,
  "intrinsic":   [
    [500, 0, 639.074101, 0],
    [0, 500, 511.081780, 0],
    [0, 0, 1, 0],
    [0, 0, 0, 1]
  ],
  "imageCircleRadius": 5.120000000000000E+02,
  "polynomialC2W":  [-4.083907e+02, 0.000000e+00, 1.679882e-03, -3.677087e-06, 7.461604e-09 ],
  "polynomialW2C":  [492.969845, 193.289959, -28.612327, 51.744505, -2.120082, 13.644155, 1.512262,
    -18.789714, 18.962317, 14.989157, -12.692345, -5.804379, 3.508978, 1.511979 ],
  "affine":      [9.997488697329212E-01, -2.240239372797548E-04, 3.318272123957599E-04],
  "extrinsic":   [
    [1, 0, 0, 0],
    [0, 1, 0, 0],
    [0, 0, 1, 0],
    [0, 0, 0, 1]
  ],
  "radial":0
}

